Cover Type,Mean,Median,Standard Deviation,Frequency
1,3128.6448876510576,3146.0,157.80517075594128,211840
2,2920.936060938719,2935.0,186.57903711744322,283301
3,2394.509845052302,2404.0,196.72967578968147,35754
4,2223.939934473972,2231.0,102.50592441026086,2747
5,2787.417570841673,2796.0,96.58895912623991,9493
6,2419.1818967006393,2428.0,188.7568578924009,17367
7,3361.9286689419796,3363.0,106.91269412891339,20510
