Cover Type,Mean,Median,Standard Deviation,Frequency
1,211.99878209969788,216.0,24.820845772173517,211840
2,213.84442342243761,219.0,24.923203528302714,283301
3,201.9184147228282,213.0,40.64197490357652,35754
4,228.34583181652712,235.0,24.138248975924046,2747
5,223.47487622458652,228.0,22.72419526994875,9493
6,192.84430241262163,196.0,33.600452992196466,17367
7,216.96772306192102,221.0,23.437711294199325,20510
